com.master.keymanagementserver.kms.HpkpConfig:36,src/main/java/com/master/keymanagementserver/kms/HpkpConfig.java:36
com.master.keymanagementserver.kms.KMSController:92,src/main/java/com/master/keymanagementserver/kms/KMSController.java:92
com.master.keymanagementserver.kms.KMSController:517,src/main/java/com/master/keymanagementserver/kms/KMSController.java:517
com.master.keymanagementserver.kms.controllers.UserController:207,src/main/java/com/master/keymanagementserver/kms/controllers/UserController.java:207
com.master.keymanagementserver.kms.controllers.UserController:50,src/main/java/com/master/keymanagementserver/kms/controllers/UserController.java:50
com.master.keymanagementserver.kms.controllers.UserController:227,src/main/java/com/master/keymanagementserver/kms/controllers/UserController.java:227
com.master.keymanagementserver.kms.helpers.AuthnRequestHelper:343,src/main/java/com/master/keymanagementserver/kms/helpers/AuthnRequestHelper.java:343
com.master.keymanagementserver.kms.helpers.AuthnRequestHelper:106,src/main/java/com/master/keymanagementserver/kms/helpers/AuthnRequestHelper.java:106
com.master.keymanagementserver.kms.helpers.AuthnRequestHelper:85,src/main/java/com/master/keymanagementserver/kms/helpers/AuthnRequestHelper.java:85
com.master.keymanagementserver.kms.helpers.AuthnRequestHelper:323,src/main/java/com/master/keymanagementserver/kms/helpers/AuthnRequestHelper.java:323
com.master.keymanagementserver.kms.helpers.AuthnRequestHelper:337,src/main/java/com/master/keymanagementserver/kms/helpers/AuthnRequestHelper.java:337
com.master.keymanagementserver.kms.helpers.AuthnResponseHelper:54,src/main/java/com/master/keymanagementserver/kms/helpers/AuthnResponseHelper.java:54
com.master.keymanagementserver.kms.helpers.AuthnResponseHelper:60,src/main/java/com/master/keymanagementserver/kms/helpers/AuthnResponseHelper.java:60
com.master.keymanagementserver.kms.helpers.AuthnResponseHelper:49,src/main/java/com/master/keymanagementserver/kms/helpers/AuthnResponseHelper.java:49
com.master.keymanagementserver.kms.helpers.LogEncoderHelper:18,src/main/java/com/master/keymanagementserver/kms/helpers/LogEncoderHelper.java:18
com.master.keymanagementserver.kms.helpers.TimeHelper:45,src/main/java/com/master/keymanagementserver/kms/helpers/TimeHelper.java:45
